年月,總計,占全體企業放款餘額之比率,占民營企業放款餘額之比率,中小企業放款平均逾放比,臺灣銀行,臺灣土地銀行,合作金庫銀行,第一商業銀行,華南商業銀行,彰化商業銀行,上海商業儲蓄銀行,台北富邦銀行,國泰世華商業銀行,中國輸出入銀行,高雄銀行,兆豐國際商業銀行,花旗(台灣)銀行,澳盛銀行,中華開發工業銀行,王道商業銀行,臺灣中小企業銀行,渣打國際商業銀行,台中商業銀行,京城商業銀行,匯豐(台灣)銀行,瑞興商業銀行,華泰商業銀行,臺灣新光商業銀行,陽信商業銀行,板信商業銀行,三信商業銀行,聯邦商業銀行,遠東國際商業銀行,元大商業銀行,永豐商業銀行,玉山商業銀行,凱基商業銀行,星展(台灣)銀行,台新國際商業銀行,大眾商業銀行,日盛國際商業銀行,安泰商業銀行,中國信託商業銀行,樂天銀行
93年7月,"2,158,864",,,,"101,196","99,665","167,907","244,161","184,354","171,691","56,544","37,491","52,925","2,097","5,859","55,246","32,033",,"1,463",210,"260,270","27,447","36,588","68,447",,,"5,593","14,659","14,146","8,061","3,358","21,852",836.36,"15,081","19,640","23,353","10,770",,"30,987","10,293","16,749","35,592","41,543",
93年8月,"2,188,739",,,,"102,120","103,817","169,362","247,214","191,707","172,547","57,218","36,944","52,889","2,137","6,480","57,282","31,723",,"2,416",200,"257,366","28,672","33,709","69,076",,,"5,370","14,679","14,143","8,153","3,193","22,112",819.08,"15,040","20,390","24,097","11,206",,"32,233","10,750","17,616","35,559","41,642",
93年9月,"2,208,660",,,,"103,329","104,775","173,120","244,711","194,369","176,329","58,801","37,272","53,729","2,214","6,455","57,664","32,071",,"2,303",213.5,"260,109","29,388","30,989","70,157",,,"5,576","14,542","14,404","8,330","3,050","22,271",739.66,"15,570","21,860","26,611","11,819",,"32,480","11,767","17,873","34,977","41,956",
93年10月,"2,173,846",,,,"104,265","104,941","174,370","241,618","194,556","159,592","56,255","36,721","53,483","2,229","6,670","58,115","31,852",,"2,183",216.5,"253,824","29,960","31,739","70,330",,,"5,541","14,555","14,864","8,625","3,081","22,637",643.24,"15,801","22,345","25,606","12,359",,"14,581","10,789","18,445","35,702","42,991",
93年11月,"2,228,520",,,,"104,920","107,864","179,724","243,125","200,060","170,620","57,534","36,361","55,514","2,101","6,705","62,980","32,018",,"2,258",356.14,"253,795","31,108","33,205","72,744",,,"5,626","14,633","15,142","9,084","3,144","23,163",720.55,"15,860","23,450","26,419","13,074",,"15,911","11,045","19,014","37,137","45,742",
93年12月,"2,252,368",37.31%,40.16%,,"104,940","105,916","180,842","242,694","203,072","163,918","59,611","36,443","55,462","2,121","6,937","66,065","30,879",,"2,259",409.09,"253,702","33,240","33,729","74,779",,,"6,051","14,983","16,065","9,117","3,223","23,280","1,197","16,920","24,449","26,339","13,564",,"18,488","10,405","18,859","39,667","46,714",
94年12月,"2,534,824",39.33%,42.68%,,"117,998","130,565","214,106","258,246","223,840","158,752","60,091","58,655","61,680","2,501","13,527","85,231","35,602",,"2,807",708,"235,206","47,785","39,985","74,502",,,"8,125","22,659","23,285","11,502","5,619","27,723","5,280","29,946","31,915","49,506","19,267",,"33,838","10,980","23,674","58,646","56,782",
95年12月,"2,745,044",39.87%,43.18%,,"135,851","150,983","304,274","303,692","255,850","198,678","62,704","72,237","63,504","3,806","20,378","158,071","34,932",,"3,672","4,163","237,496","40,096","51,565","28,185",,,"11,260","22,490","27,287","19,529","8,236","30,925","8,907","33,374","77,041","72,533","29,530",,"20,283","11,438","21,510","68,463","62,150",
96年1月,"2,711,679",,,,"133,466","149,527","301,609","290,390","254,694","199,474","61,537","72,306","68,632","3,710","21,371","157,086","34,373",,"3,836","4,193","226,263","41,188","53,843","27,247",,,"13,172","21,970","28,148","21,350","8,878","30,845","9,389","33,600","75,428","76,634","30,969",,"19,362","11,501","20,284","63,192","62,715",
96年2月,"2,745,159",,,,"135,224","152,402","304,634","290,143","254,659","203,507","62,759","71,703","68,963","3,665","22,089","160,610","35,043",,"4,055","4,289","230,040","40,863","54,736","26,859",,,"13,242","21,927","27,615","21,525","9,130","31,946","9,516","34,574","74,748","81,282","31,906",,"22,811","11,465","20,072","65,023","64,049",
96年3月,"2,755,433",,,,"141,227","152,738","303,503","291,551","253,895","206,301","63,019","71,759","71,190","3,692","21,879","163,052","34,512",,"4,215","4,272","237,034","39,608","55,177","26,069",,,"12,424","21,948","27,837","20,265","9,130","31,804","9,426","34,793","71,144","86,826","33,332",,"19,132","10,942","18,814","64,444","62,922",
96年4月,"2,792,533",,,,"144,287","155,137","309,190","295,115","255,568","207,561","64,047","72,605","75,757","3,670","21,640","168,208","34,399",,"3,712","4,203","237,694","39,169","57,066","31,956",,,"12,377","21,722","27,625","19,266","9,191","32,396","9,114","34,755","72,574","89,552","34,189",,"18,628","11,280","18,223","64,939","63,123",
96年5月,"2,837,084",,,,"148,534","159,386","312,927","304,096","260,582","208,892","64,385","72,812","76,376","3,726","22,426","171,565","34,243",,"3,731","4,214","244,987","38,026","58,469","32,299",,,"12,377","22,059","27,914","17,872","9,192","34,376","9,472","35,065","72,441","91,877","35,064",,"19,410","11,037","17,556","67,636","62,640",
96年6月,"2,893,791",40.99%,,,"152,662","161,258","315,213","313,531","267,056","210,717","65,044","73,502","77,426","3,683","23,333","175,820","33,725",,"3,726","3,794","256,151","35,618","64,689","32,778",,,"12,886","23,105","29,059","16,763","9,186","32,674","10,557","37,008","73,014","99,835","35,328",,"20,373","11,260","17,874","67,466","62,359",
96年7月,"2,886,567",,,,"160,530","162,361","318,070","310,728","264,499","211,679","68,926","73,821","76,536","3,994","22,094","175,068","33,614",,"3,964","3,594","249,173","33,834","63,545","29,517",,"1,695","12,496","22,965","28,781","17,149","8,985","32,701","11,651","37,313","74,725","101,274","35,391",,"21,512","10,114","17,141","67,223","61,097",
96年8月,"2,917,237",,,,"165,221","162,579","334,213","310,577","268,462","211,977","65,248","77,347","77,978","4,039","21,778","176,199","32,683",,"3,973","3,609","254,596","34,918","64,675","28,641",,"1,730","12,606","22,986","27,987","16,586","8,801","32,790","11,874","39,488","74,836","102,460","35,124",,"21,213","13,457","16,322","65,753","60,694",
96年9月,"2,919,811",,,,"173,388","164,072","334,337","309,954","269,029","210,577","64,372","79,538","76,292","4,124","21,679","177,929","32,143",,"3,966","3,543","261,691","33,088","64,834","28,853",,"1,746","12,857","22,845","27,469","17,018","8,843","32,603","11,889","38,884","76,908","106,342","32,691",,"20,595","9,607","16,032","64,233","61,444",
96年10月,"2,923,551",,,,"174,211","165,963","334,485","314,246","272,027","211,651","63,809","80,341","75,280","4,111","20,135","183,143","31,018",,"3,909","3,638","260,934","33,476","64,804","29,017",,"1,741","13,069","23,138","26,724","17,066","8,738","31,849","11,819","39,206","74,811","107,064","30,250",,"19,905","9,210","15,112","63,265","62,555",
96年11月,"2,954,341",,,,"181,175","171,297","338,876","317,850","272,558","213,936","65,119","82,541","75,683","4,446","20,504","187,262","30,043",,"3,754","3,657","266,784","31,655","65,449","28,906",,"2,087","14,026","24,633","25,362","17,059","8,884","31,758","11,698","39,257","73,343","108,571","29,302",,"20,588","8,883","14,605","61,506","61,421",
96年12月,"3,004,916",41.40%,45.09%,,"185,080","177,144","343,144","328,298","274,823","215,675","66,623","85,643","75,561","4,584","20,742","190,465","27,203",,"3,688","3,633","280,102","30,580","66,156","29,339",,"2,095","14,860","27,016","24,977","15,352","8,997","32,675","11,345","40,380","72,765","113,777","27,043",,"21,024","9,107","14,369","60,619","62,051",
97年1月,"3,023,604",,,,"201,774","182,036","346,473","324,669","273,743","214,084","66,202","80,560","77,076","4,566","21,643","196,824","26,449",,"4,273","3,656","279,411","29,686","66,065","29,249",,"1,765","15,125","27,775","24,780","14,712","9,161","31,629","11,594","39,789","71,463","117,440","25,244",,"21,272","9,495","13,478","59,093","63,376",
97年2月,"3,022,329",,,,"203,449","183,370","346,766","321,971","274,658","211,887","66,794","79,808","77,189","4,329","21,848","199,604","26,330",,"4,217","3,646","279,908","29,564","66,371","29,696",,"2,003","15,296","28,943","24,432","14,390","9,171","31,907","11,133","40,272","70,769","118,342","25,711",,"21,196","9,980","12,936","58,588","63,078",
97年3月,"3,048,084",,,,"207,590","181,665","352,393","323,054","276,392","211,589","67,602","78,670","78,833","4,236","21,917","201,942","26,118",429,"3,866","4,182","287,054","27,545","69,170","29,732","17,740","2,067","15,525","29,411","24,516","13,880","9,383","31,529","11,157","40,738","70,272","119,386","26,036",,"20,558","9,584","12,586","58,385","60,872",
97年4月,"3,055,277",,,,"205,994","183,962","353,470","323,012","280,471","211,588","67,492","83,106","78,999","4,066","22,649","197,434","25,498",410,"3,824","4,097","289,947","27,482","70,990","28,201","17,807","2,122","16,209","28,616","24,458","14,033","9,443","30,831","10,929","40,910","70,758","123,099","25,194",,"20,379","8,412","12,206","55,462","62,862",
97年5月,"3,103,584",,,,"209,087","182,877","357,622","330,851","287,523","213,975","67,578","79,439","77,064","4,043","24,277","204,661","24,787",395.37,"3,474","4,088","293,416","27,709","72,819","27,242","17,742","1,981","16,311","29,364","24,941","15,454","8,755","30,091","10,956","42,902","75,902","131,807","25,264","9,486","21,073","8,820","12,252","55,598","63,934",
97年6月,"3,172,057",41.99%,,,"209,538","178,521","372,027","342,259","292,517","218,529","71,415","80,747","77,672","4,005","25,129","208,322","23,936",382,"2,145","3,733","308,534","26,992","73,311","27,223","17,894","1,709","14,730","29,777","24,251","16,786","8,952","28,601","10,729","43,825","78,148","138,984","25,327","9,024","19,696","8,939","12,805","58,374","68,801",
97年7月,"3,143,782",40.94%,44.63%,2.46%,"210,433","179,031","373,939","331,565","293,405","221,732","73,101","80,247","81,052","4,086","25,575","207,202","21,516",649,"2,112","3,664","294,202","26,326","73,160","26,599","16,413","1,749","15,765","30,323","23,548","16,577","9,016","25,186","10,591","44,609","76,118","131,720","24,805","8,609","19,191","8,777","12,317","59,673","72,119",
97年8月,"3,139,405",40.39%,44.30%,2.45%,"210,105","180,835","374,687","334,657","293,542","223,185","72,176","80,952","82,807","4,105","25,500","205,564","20,147",623,"1,926","3,645","291,436","26,297","73,129","25,217","17,489","1,783","16,944","30,501","23,206","15,969","9,039","24,629","10,176","44,627","77,026","131,203","25,284","8,401","15,576","9,029","11,878","57,657","71,796",
97年9月,"3,161,624",39.99%,43.86%,2.44%,"213,154","184,155","378,700","340,325","300,068","222,658","73,149","82,841","82,423","4,112","25,850","204,281","19,223",567,"1,947","3,642","294,955","25,819","72,983","24,505","17,472","1,771","16,692","30,248","23,288","14,198","9,196","24,920","9,670","44,223","77,108","131,215","25,362","6,861","14,877","8,707","11,000","60,882","72,280",
97年10月,"3,165,994",39.66%,43.59%,2.48%,"215,397","184,812","380,540","341,853","298,696","224,404","74,315","85,131","82,190","4,247","26,191","205,437","17,836",737.13489,"1,977","3,642","296,575","24,924","73,193","23,710","16,561","1,771","16,487","30,784","22,897","14,182","8,954","24,928","9,508","44,893","78,384","125,634","24,737","6,917","13,393","7,505","10,829","60,903","75,208",
97年11月,"3,135,086",39.64%,43.63%,2.50%,"221,893","188,224","376,184","338,452","292,855","222,340","73,574","83,029","80,716","4,193","26,220","200,365","15,785",739.47,"1,991","3,631","296,975","24,147","73,728","23,254","12,108","1,632","16,775","31,343","22,753","13,741","9,364","25,276","9,272","44,209","75,470","118,954","24,400","6,734","13,445","6,856","10,626","61,080","77,250",
97年12月,"3,137,640",40.51%,44.33%,2.41%,"221,015","190,275","380,556","341,462","300,046","225,241","74,059","80,627","82,689","4,115","25,963","194,085","13,267",604.36,"2,554","3,488","308,988","23,434","74,378","22,516","11,820","1,540","16,147","30,786","22,851","14,171","9,334","25,406","8,823","44,207","71,379","118,322","23,644","6,467","12,638","6,819","9,747","54,220","74,686",
98年1月,"3,080,084",40.35%,44.43%,2.56%,"217,474","189,038","381,227","327,960","291,654","216,539","72,642","79,877","83,055","4,335","24,982","191,175","12,193",579.97,"2,558","3,472","297,894","22,434","72,661","22,593","11,244","1,674","16,272","34,456","22,589","15,205","9,106","24,401","8,408","43,162","69,714","113,744","23,212","5,942","12,367","6,476","9,812","54,839","78,124",
98年2月,"3,042,190",40.74%,44.70%,2.74%,"217,018","189,374","381,591","321,545","277,375","210,832","71,105","77,412","81,679","4,408","24,450","198,784","10,467",576.3,"2,482","3,086","292,867","21,749","71,314","23,237","11,334","1,717","16,343","33,774","22,284","15,889","8,933","23,810","8,907","42,365","67,099","115,165","22,355","6,203","12,214","6,241","9,089","56,039","76,371",
98年3月,"3,022,825",40.64%,44.51%,2.71%,"218,035","188,513","381,475","323,443","279,357","211,659","69,814","74,651","81,672","4,369","23,844","195,815","9,045",380,"2,453","2,940","293,066","15,943","69,763","22,658","13,557","1,986","17,494","33,586","21,832","16,064","9,053","22,925","8,821","39,063","67,283","116,192","21,207","6,118","11,874","5,632","8,582","53,312","74,856",
98年4月,"2,997,196",40.74%,44.71%,2.81%,"215,365","191,784","382,288","316,771","273,226","213,205","69,045","73,437","81,237","4,333","23,819","196,162","8,313",293,"2,434","2,741","288,432","15,179","70,132","22,810","12,634","1,902","17,497","33,734","21,037","16,044","9,081","22,556","8,775","38,815","67,631","114,251","20,309","6,103","11,991","5,077","8,276","53,505","72,734",
98年5月,"2,980,352",40.56%,44.57%,2.80%,"215,103","191,379","383,010","315,210","270,163","211,922","70,569","75,158","80,900","4,248","23,479","197,065","8,108",930,"2,440","2,526","287,141","14,656","70,218","22,982","9,142","1,888","17,955","33,510","20,936","16,891","9,288","21,638","8,732","37,899","67,468","113,556","19,554","6,350","11,539","5,068","7,605","51,208","68,851",
98年6月,"3,056,083",41.16%,45.22%,2.74%,"220,651","203,491","383,604","324,591","271,616","226,762","75,370","73,707","79,675","4,222","24,248","201,439","7,392",809,"2,397","2,484","306,766","15,071","71,102","24,502","8,539","1,596","18,155","33,098","21,954","17,332","9,161","21,109","9,078","37,659","72,445","117,212","18,788","6,667","10,844","4,770","7,143","50,315","66,659",
98年7月,"2,999,370",40.87%,45.20%,2.68%,"216,321","204,930","383,189","316,976","270,203","213,433","72,635","72,790","78,110","4,367","22,872","201,597","7,760",720,"2,351","2,519","289,149","14,983","71,512","23,722","7,754","1,484","18,290","33,374","21,652","18,914","9,035","20,855","8,337","37,855","73,280","113,040","18,246","6,707","11,383","4,321","6,845","48,079","66,430",
98年8月,"3,002,911",40.71%,44.94%,2.64%,"217,753","201,754","387,246","323,602","271,042","213,648","73,016","71,069","76,741","4,351","24,128","200,429","7,837",795,"2,702","2,512","289,258","14,991","72,033","23,325","6,743","1,508","18,138","34,714","21,081","18,654","9,119","20,204","9,426","39,197","71,215","112,320","17,847","7,296","12,038","4,729","6,769","46,265","64,252",
98年9月,"3,071,069",41.49%,45.63%,2.49%,"231,228","213,421","393,112","331,754","277,671","224,013","74,259","72,384","75,870","4,373","26,004","204,003","7,787",984,"2,325","2,432","295,269","16,753","71,831","23,772","6,342","1,503","18,504","30,969","21,316","18,464","9,550","20,178","9,452","40,450","72,651","111,879","17,283","8,076","11,957","4,706","6,454","46,790","62,334",
98年10月,"3,088,017",41.87%,45.91%,2.40%,"231,425","217,823","394,640","336,416","279,763","222,220","81,189","73,177","70,460","4,460","27,109","203,542","7,205","1,357","2,222","2,336","291,253","18,817","71,876","23,293","5,860","1,513","19,137","32,097","22,571","17,416","9,585","20,514","9,330","40,724","74,517","112,635","16,876","8,893","12,088","4,743","6,871","47,175","62,362",
98年11月,"3,120,298",42.25%,46.35%,2.25%,"231,068","220,479","396,216","342,777","281,869","222,834","83,772","72,306","72,331","4,494","26,620","208,638","6,882","1,200","2,204","2,339","292,164","18,764","74,069","23,040","5,448","1,549","17,858","32,063","22,085","17,903","10,089","20,402","9,701","40,784","81,828","113,252","16,590","9,307","16,238","4,736","7,162","45,497","61,337",
98年12月,"3,204,364",42.66%,46.82%,2.02%,"228,994","220,035","400,424","356,969","294,865","229,127","86,520","68,145","75,180","4,416","27,017","217,107","6,969","1,086","2,210","2,319","313,882","20,961","75,497","23,051","4,260","1,610","17,949","32,412","23,651","18,413","10,133","21,319","10,102","41,240","82,811","113,457","16,376","10,082","27,962","4,941","10,358","43,428","56,795",
99年1月,"3,147,686",42.62%,46.82%,2.01%,"223,032","217,398","398,519","355,047","278,303","218,583","82,508","67,174","74,409","4,645","27,188","208,823","7,052",986,"2,184","2,288","296,116","21,254","75,381","21,171","3,683","1,602","18,499","32,858","23,121","18,462","10,043","22,376","9,338","41,662","83,687","115,295","15,694","10,246","35,766","5,660","10,230","44,114","61,087",
99年2月,"3,166,028",42.56%,46.79%,1.95%,"222,528","220,511","400,251","362,222","278,813","218,563","81,342","67,659","75,096","4,702","27,321","211,851","6,755",882,"2,184","2,284","297,604","21,910","76,691","21,113","3,611","1,646","18,301","32,200","23,236","17,818","10,218","21,308","9,096","41,423","83,364","117,686","15,545","10,858","36,157","5,413","10,095","44,045","61,591",
99年3月,"3,211,127",43.12%,47.22%,1.81%,"222,360","220,203","400,856","378,718","281,042","218,756","82,131","68,307","76,391","5,390","28,189","211,672","6,302",785,"2,063","2,499","303,351","22,031","78,009","20,603","6,482","1,679","18,193","32,140","23,567","17,405","10,418","21,771","9,288","43,035","87,160","120,673","15,460","11,347","36,906","5,368","10,559","49,257","58,715",
99年4月,"3,248,813",43.13%,47.41%,1.67%,"224,977","223,345","402,414","377,721","283,970","220,806","84,925","69,627","83,834","5,588","29,028","213,015","6,743","1,052","1,754","2,434","306,095","22,634","77,981","20,886","7,612","1,698","20,148","33,047","23,202","17,418","10,765","21,699","10,377","44,887","87,457","122,000","15,649","11,986","38,399","5,564","10,541","47,375","60,160",
99年5月,"3,305,457",43.04%,47.32%,1.51%,"226,558","224,355","411,184","389,700","283,649","222,529","86,995","71,337","87,321","5,919","30,574","218,029","7,000",950,"1,252","3,219","310,139","21,750","80,414","19,831","7,644","1,753","20,105","33,629","23,447","17,072","10,945","22,219","10,156","45,360","87,959","124,606","15,970","12,400","42,554","5,928","10,897","48,202","61,906",
99年6月,"3,370,352",43.50%,47.84%,1.41%,"228,229","231,012","414,451","400,331","289,566","226,546","91,037","73,033","87,250","6,135","30,848","223,912","7,842",850,"2,596","3,168","320,993","22,554","81,656","18,974","7,863","1,778","21,683","34,402","24,174","17,517","10,859","22,916","11,177","45,775","90,199","124,598","16,253","14,615","41,524","5,784","9,297","47,602","61,353",
99年7月,"3,388,811",43.69%,48.13%,1.35%,"224,619","233,342","416,225","410,641","288,989","231,397","89,637","71,178","87,666","6,299","30,683","223,362","7,491","1,052","2,652","3,254","322,549","22,933","82,344","18,734","7,384","1,618","21,925","35,113","23,409","17,907","10,992","23,527","9,564","47,993","88,954","126,242","16,238","15,021","42,903","4,915","10,001","47,243","62,815",
99年8月,"3,439,895",43.71%,48.05%,1.30%,"223,859","236,568","421,800","420,900","289,037","236,955","94,749","71,512","88,030","6,342","30,967","225,164","7,508","1,459","1,906","4,334","324,395","23,774","82,591","19,260","7,870","1,648","22,133","35,631","23,728","20,663","11,121","23,993","9,620","50,610","89,946","130,565","16,481","14,931","41,296","5,173","10,481","48,171","64,724",
99年9月,"3,487,943",44.29%,48.76%,1.22%,"227,798","241,990","428,047","427,140","290,726","243,282","99,014","71,896","88,389","6,292","32,173","228,893","8,016","1,371","1,781","3,547","327,339","24,243","83,186","18,898","8,082","1,656","22,750","38,227","24,365","21,368","11,262","25,312","9,727","51,473","89,770","131,230","16,398","15,259","40,005","4,874","10,075","47,823","64,266",
99年10月,"3,509,706",44.09%,48.65%,1.20%,"226,992","243,335","428,458","435,035","288,631","241,832","103,599","73,031","90,091","6,468","32,294","230,561","7,818",418,"1,831","3,651","329,382","24,973","84,025","19,035","8,278","1,665","23,222","41,022","25,515","21,512","11,259","24,971","9,493","52,637","87,997","132,235","16,340","14,898","41,265","5,173","10,075","45,430","65,259",
99年11月,"3,559,611",44.69%,49.13%,1.12%,"231,925","250,048","429,151","444,999","291,527","248,225","107,336","71,779","90,936","6,528","31,973","238,426","7,794",417,936,"3,646","332,501","25,485","84,745","19,428","9,061","1,683","22,028","42,251","26,246","21,443","11,740","24,724","9,765","54,064","87,747","133,927","16,297","14,285","42,139","5,256","9,872","44,369","64,909",
99年12月,"3,676,513",45.39%,50.01%,0.96%,"239,794","253,288","436,999","455,825","308,250","257,269","115,242","75,908","97,656","6,748","32,751","245,490","7,804",457,940,"3,694","341,089","25,720","85,779","21,425","8,985","1,723","23,787","44,796","28,691","21,373","12,084","24,572","10,496","58,831","88,326","137,057","16,750","15,607","45,731","5,794","11,160","43,395","65,227",
100年1月,"3,708,420",45.53%,49.90%,0.93%,"245,115","255,522","437,298","471,196","304,902","259,337","108,478","71,477","98,540","6,659","33,760","248,536","7,687",740,704,"3,757","342,512","25,865","87,896","22,512","3,294","1,644","22,943","50,647","29,985","21,700","12,442","24,956","10,206","59,068","89,759","138,719","15,563","14,637","51,132","5,234","10,483","46,696","66,819",
100年2月,"3,745,504",45.91%,50.21%,0.91%,"247,733","257,980","436,633","476,593","308,857","263,599","109,644","73,689","100,064","6,639","34,011","254,817","7,537",709,857,"3,743","343,320","25,671","88,111","21,929","3,404","1,588","24,865","51,591","30,761","23,516","12,602","24,595","10,170","60,637","90,350","140,139","15,332","15,026","49,148","5,092","9,766","48,446","66,340",
100年3月,"3,784,818",46.14%,50.98%,0.87%,"252,407","259,294","439,975","482,642","311,600","266,185","112,237","74,800","100,428","6,395","34,590","258,376","7,600",705,815,"4,014","345,391","25,772","89,673","18,506","3,381","1,655","25,077","57,020","30,612","23,909","12,780","24,095","9,762","63,570","89,329","143,847","15,067","15,230","46,146","5,145","9,896","48,982","67,910",
100年4月,"3,810,854",46.10%,50.47%,0.84%,"252,104","259,932","444,593","475,984","315,657","268,790","113,189","79,745","104,980","6,306","34,848","263,447","7,705",652,763,"3,882","346,954","25,778","90,587","18,448","3,475","1,540","25,349","57,915","30,915","24,357","12,603","24,109","9,748","64,620","87,283","142,484","15,244","15,981","48,821","5,097","9,444","47,800","69,725",
100年5月,"3,882,357",46.14%,50.65%,0.78%,"254,897","264,769","450,660","487,695","322,102","279,378","116,945","78,994","103,469","6,758","34,656","268,921","7,696",419,790,"3,817","349,802","25,743","91,350","19,086","3,656","1,545","24,636","58,139","31,337","24,987","13,237","23,714","9,325","66,982","89,153","147,595","15,579","17,566","51,318","5,343","9,982","49,116","71,200",
100年6月,"3,952,750",46.70%,51.29%,0.73%,"259,084","267,267","459,975","500,232","334,247","281,969","120,445","81,160","105,894","6,974","35,427","267,588","7,529",454,654,"3,885","351,306","24,614","93,126","19,568","3,811","1,629","24,130","60,793","31,274","24,771","13,418","23,589","10,645","68,644","90,800","153,378","15,294","18,876","54,087","5,755","10,892","49,430","70,136",
100年7月,"3,962,549",46.62%,51.30%,0.72%,"255,120","266,762","459,146","504,843","332,235","282,220","120,880","84,386","105,820","6,917","35,828","266,754","7,400",448,428,"3,920","350,720","23,113","94,997","19,827","3,912","1,639","25,335","62,726","31,967","24,807","13,369","24,109","9,935","69,995","92,189","150,498","15,106","19,526","53,867","5,627","11,190","52,516","72,472",
100年8月,"4,029,979",46.38%,51.03%,0.69%,"254,754","273,469","469,201","508,977","354,347","282,360","122,822","83,609","108,349","6,719","36,055","277,129","7,836",468,437,"3,925","351,744","22,556","95,965","20,140","3,665","1,679","24,841","64,942","32,497","24,394","13,566","25,233","9,942","71,125","91,076","155,134","14,779","20,777","52,497","4,895","11,983","53,572","72,520",
100年9月,"4,056,930",46.36%,50.91%,0.66%,"259,099","280,977","471,429","515,683","354,037","284,738","123,059","85,367","109,134","6,862","36,439","264,771","7,945",504,348,"3,993","355,785","22,226","96,944","19,776","3,696","2,054","25,695","67,720","33,533","24,242","13,849","25,442","9,804","72,217","91,966","158,726","14,906","20,506","52,945","4,362","12,363","52,540","71,248",
100年10月,"4,050,297",46.41%,50.85%,0.65%,"259,465","281,773","475,935","509,545","350,012","286,192","122,916","83,952","107,502","6,783","37,005","265,341","8,116",656,313,"3,850","356,919","22,079","97,255","19,468","3,344","2,083","24,332","69,622","33,383","24,091","13,860","25,460","10,765","73,584","90,303","157,563","15,029","20,894","52,683","4,299","12,098","50,773","71,054",
100年11月,"4,062,563",46.19%,50.65%,0.64%,"261,861","285,897","479,400","501,772","348,043","290,849","125,966","81,746","105,936","6,770","37,206","267,072","8,247",611,286,"3,867","357,555","21,952","98,687","18,352","3,302","3,221","24,642","71,393","34,845","24,055","14,191","25,427","10,332","75,842","88,452","161,127","14,774","20,676","52,687","3,933","12,335","48,839","70,415",
100年12月,"4,067,758",46.81%,51.36%,0.59%,"266,238","288,143","484,002","486,558","344,929","293,474","123,672","84,648","106,482","5,806","39,531","269,363","7,627",826,257,"3,831","355,997","21,483","100,920","17,896","3,298","3,398","25,844","77,739","34,206","20,471","14,451","26,706","10,613","76,909","86,676","159,072","14,161","21,112","54,615","3,776","13,811","49,865","69,352",
101年1月,"4,055,054",46.66%,51.05%,0.61%,"263,099","293,108","478,761","482,736","344,881","291,965","122,647","81,405","106,852","5,669","39,190","267,462","7,057",824,259,"3,978","353,180","21,565","100,244","17,978","3,208","3,296","26,476","79,003","36,311","21,141","14,277","27,522","10,467","76,706","86,743","160,553","14,040","21,459","53,799","3,667","14,528","49,195","69,803",
101年2月,"4,075,178",46.92%,51.10%,0.62%,"264,208","298,663","478,300","488,109","343,660","292,392","122,318","82,900","108,212","5,435","39,794","266,250","6,896",860,206,"3,935","350,826","21,412","100,457","18,353","3,003","3,186","26,824","79,930","37,348","21,305","14,081","27,800","10,752","77,073","87,602","163,412","14,023","21,453","55,033","3,795","14,936","51,654","68,782",
101年3月,"4,099,477",47.26%,51.32%,0.62%,"262,847","303,119","478,098","488,705","346,456","289,960","122,924","81,408","109,040","5,555","40,540","266,251","7,168",828,209,"3,869","351,186","21,223","103,532","18,715","2,738","3,392","26,975","83,265","40,452","21,355","13,939","28,176","11,749","74,109","90,473","167,502","14,344","21,474","56,600","5,641","14,811","52,199","68,650",
101年4月,"4,135,777",47.50%,51.56%,0.61%,"265,582","308,289","476,561","488,775","349,610","291,515","125,765","79,662","112,014","5,608","39,811","269,206","7,091",910,195,"3,243","346,750","21,074","105,221","19,989","2,769","3,284","29,163","87,126","41,655","21,063","14,047","28,781","11,195","78,632","92,883","170,101","14,249","21,262","57,902","8,107","14,575","51,134","70,978",
101年5月,"4,204,687",47.93%,51.90%,0.58%,"266,758","311,252","479,635","501,257","353,399","296,075","128,324","80,622","112,105","5,642","40,119","272,303","7,427","1,167",195,"3,198","349,853","21,128","108,327","21,240","2,841","3,278","30,120","90,991","42,845","20,824","14,543","29,534","11,623","79,966","96,199","175,217","14,091","21,571","60,402","10,400","14,574","52,280","73,362",
101年6月,"4,272,456",48.94%,52.96%,0.55%,"267,711","313,829","479,558","514,151","354,197","298,741","130,589","81,534","112,208","5,821","40,316","281,470","8,010","1,315",190,"3,229","352,638","20,880","111,694","21,511","3,010","3,258","30,283","95,297","45,911","21,351","14,913","29,903","11,671","81,092","103,231","177,444","14,449","22,127","64,001","10,868","14,557","52,694","76,804",
101年7月,"4,291,460",48.88%,53.00%,0.57%,"266,699","316,899","476,545","517,382","358,523","303,669","129,488","80,604","114,557","5,988","40,197","283,382","7,581","1,632",182,"2,861","356,066","20,259","113,003","21,048","2,907","3,190","29,756","96,745","47,578","21,540","15,068","30,152","11,543","79,879","105,470","177,572","15,056","21,883","60,337","11,360","14,697","49,794","80,368",
101年8月,"4,307,748",48.72%,52.72%,0.58%,"283,867","315,714","475,180","513,983","356,135","305,991","128,236","81,740","110,406","6,077","40,491","285,943","7,449","1,601",160,"2,028","354,556","19,939","114,279","22,809","2,995","3,122","29,459","98,177","48,932","22,127","15,389","29,561","11,246","81,599","102,678","179,806","14,775","22,342","60,765","11,713","13,791","50,944","81,743",
101年9月,"4,323,143",48.98%,52.81%,0.57%,"286,808","314,646","473,849","510,621","354,224","308,140","129,707","81,791","109,289","6,043","40,509","291,091","7,525","1,758",139,"2,022","356,876","19,936","115,126","22,823","2,877","3,113","29,401","99,982","50,689","22,040","15,699","30,334","12,157","80,818","105,506","180,391","14,631","23,274","60,103","12,982","13,984","49,098","83,141",
101年10月,"4,346,751",49.21%,52.96%,0.55%,"280,700","315,622","472,299","512,577","356,605","310,560","132,474","79,765","110,069","6,516","41,348","289,573","7,468","1,664",139,"2,043","357,342","19,860","121,791","24,617","3,012","3,075","28,983","102,224","50,055","21,672","15,597","30,746","12,462","79,489","106,640","183,587","14,558","23,575","62,603","13,472","14,913","50,978","86,078",
101年11月,"4,382,562",49.62%,53.37%,0.54%,"284,590","315,303","476,227","514,259","360,062","312,991","133,978","81,398","109,087","6,411","40,751","291,660","7,506","1,562",138,"1,969","361,253","19,944","124,619","24,361","3,272","3,112","28,559","105,677","50,816","21,725","15,816","30,920","13,111","79,899","109,973","186,286","13,684","22,634","62,028","14,382","15,009","50,461","87,129",
101年12月,"4,447,908",50.18%,53.94%,0.51%,"284,140","314,457","484,838","523,496","366,217","309,485","137,293","85,099","107,276","6,270","40,701","290,919","7,418","1,704",268,"1,826","374,169","21,685","128,720","24,627","3,845","3,388","28,637","110,268","53,604","21,019","16,543","31,330","14,123","78,525","113,403","188,767","14,224","21,894","66,583","16,742","16,773","48,246","89,386",
102年1月,"4,422,145",50.38%,54.10%,0.50%,"291,819","309,651","475,811","520,938","358,577","305,153","136,852","85,561","105,447","6,700","40,792","286,374","7,689","1,752",259,"1,806","367,996","20,920","126,028","24,804","2,822","3,223","28,552","109,571","55,756","21,266","16,713","30,973","15,267","78,129","114,865","190,918","14,420","22,234","62,933","17,731","16,649","49,788","95,406",
102年2月,"4,438,154",50.40%,54.10%,0.55%,"295,387","309,699","478,012","522,771","358,802","305,133","138,665","82,374","107,206","6,639","41,672","287,298","7,630","1,767",298,"1,798","367,830","20,950","126,644","25,241","2,552","3,142","28,450","108,725","57,144","21,530","16,769","30,933","15,694","78,932","115,944","190,244","14,704","22,323","61,936","18,628","16,685","48,527","99,476",
102年3月,"4,478,746",50.89%,54.61%,0.54%,"298,059","311,369","481,474","520,640","364,878","303,219","139,563","83,989","106,809","6,914","42,838","290,731","7,472","1,739",309,"1,980","370,380","21,183","126,730","25,712","2,497","3,102","28,148","108,436","58,234","21,201","16,865","32,444","15,939","80,149","115,783","196,759","15,253","26,255","66,250","19,919","16,589","52,634","96,301",
102年4月,"4,493,744",51.01%,54.74%,0.61%,"302,718","313,346","482,797","519,176","365,655","303,593","139,341","88,028","106,213","6,917","45,771","290,645","7,528","1,790",343,"1,971","368,257","20,996","130,641","24,800","2,544","3,344","27,723","109,087","58,577","21,090","17,015","32,191","15,619","79,009","114,832","197,550","15,163","22,380","67,497","21,125","16,770","50,383","101,319",
102年5月,"4,528,257",51.28%,55.01%,0.60%,"307,243","315,200","481,069","525,191","367,569","300,256","141,776","88,063","106,398","7,219","45,176","294,106","7,977","1,695",347,"2,029","372,765","20,252","136,199","24,651","2,618","3,392","26,762","110,468","59,315","21,671","17,217","32,676","15,099","79,609","116,354","200,088","15,355","21,784","68,395","21,934","17,192","50,029","103,118",
102年6月,"4,570,427",51.46%,55.28%,0.61%,"314,172","316,031","481,375","524,613","373,115","304,813","143,532","87,724","104,091","7,160","43,948","300,178","8,007","1,783",352,"2,148","374,918","20,447","140,534","26,142","2,525","3,421","27,038","111,794","60,057","22,246","17,595","32,408","15,942","80,583","117,521","203,200","15,134","21,550","70,697","23,362","17,267","50,270","102,734",
102年7月,"4,593,705",51.51%,55.38%,0.61%,"319,325","318,713","483,780","530,295","374,166","302,269","142,817","88,383","104,371","7,129","44,965","300,666","7,597","1,881",341,"2,164","375,603","20,250","142,350","25,638","2,374","4,404","26,476","111,219","59,381","22,528","17,826","33,159","15,685","80,223","117,529","205,843","15,270","21,060","69,776","23,089","16,684","51,295","107,181",
102年8月,"4,609,562",51.84%,55.60%,0.61%,"325,279","318,197","489,821","530,912","373,756","302,709","145,847","88,476","103,150","7,233","44,706","306,587","7,301","1,821",420,"2,429","375,941","19,877","143,871","25,627","2,167","4,452","25,964","109,136","59,879","22,625","18,077","33,608","15,442","80,963","114,766","207,936","15,103","18,653","69,844","22,447","16,472","50,867","107,201",
102年9月,"4,663,608",51.92%,55.72%,0.62%,"327,035","320,834","498,794","536,411","375,493","305,306","150,221","84,955","103,821","7,320","45,326","315,591","7,119","1,692",396,"2,346","379,051","20,249","145,202","27,072","2,029","4,181","25,308","112,076","59,911","23,121","18,250","32,986","16,298","83,208","115,175","211,409","14,934","18,372","68,327","25,956","16,867","48,486","112,480",
102年10月,"4,700,369",52.23%,55.99%,0.61%,"329,335","322,330","502,940","536,032","379,700","305,596","151,310","82,928","104,698","7,333","45,160","317,024","7,146","1,271",375,"2,395","387,355","20,648","146,683","27,313","1,958","4,229","25,309","115,566","61,307","23,651","18,361","33,294","16,723","82,358","116,439","213,247","14,459","17,874","68,121","26,251","16,646","50,478","116,526",
102年11月,"4,701,777",52.14%,55.91%,0.59%,"330,608","320,209","506,405","533,497","375,899","303,131","151,782","79,710","105,590","7,426","43,849","318,129","6,768","1,268",381,"2,802","392,862","20,206","145,692","27,280","2,290","4,103","23,098","118,193","61,122","24,236","18,584","31,696","16,918","82,075","118,662","217,523","14,100","17,744","69,219","27,526","16,129","47,848","117,217",
102年12月,"4,761,913",52.82%,56.67%,0.56%,"333,712","324,974","511,219","545,859","379,258","310,322","152,545","81,685","107,550","7,361","45,538","330,945","6,287","1,425",615,"2,886","391,603","20,976","149,173","29,087","1,973","4,497","23,523","111,467","62,692","27,381","18,329","33,149","16,123","83,423","122,183","219,041","14,127","17,231","70,460","29,362","17,268","44,906","111,758",
103年1月,"4,752,502",52.99%,56.62%,0.59%,"331,402","324,804","507,260","541,836","376,924","309,812","149,941","81,467","108,476","7,270","45,734","326,447","6,243","1,451",642,"3,024","389,242","19,616","148,118","28,644","2,192","4,263","23,576","117,306","62,460","30,741","18,210","34,144","16,656","83,391","120,589","216,261","14,062","17,454","73,416","30,864","17,114","45,211","116,239",
103年2月,"4,767,156",52.98%,56.89%,0.60%,"331,178","324,867","509,031","539,927","374,697","311,815","150,562","81,136","109,298","7,247","45,658","324,362","5,992","1,442",602,"2,809","393,166","19,443","148,751","29,279","2,199","4,132","23,139","119,225","62,690","31,994","18,246","35,058","17,317","85,899","120,133","216,271","14,048","17,838","76,092","30,548","16,988","46,819","117,258",
103年3月,"4,797,250",53.50%,57.30%,0.60%,"332,432","324,337","510,649","538,798","378,626","318,714","150,820","83,288","109,745","6,958","46,647","330,071","6,258","1,520",603,"2,803","396,437","19,412","149,557","29,693","2,217","4,175","23,370","120,216","62,013","32,969","18,183","35,752","17,453","87,095","120,534","217,712","14,216","18,028","76,576","31,228","16,819","47,257","114,069",
103年4月,"4,825,634",53.57%,57.41%,0.60%,"334,981","324,577","511,718","543,355","380,661","322,979","151,392","84,300","110,696","6,989","47,147","329,156","5,992","1,566",616,"2,973","396,184","19,388","150,500","30,435","2,228","4,166","24,114","120,431","63,388","34,546","18,504","36,361","17,213","86,837","121,016","219,209","14,246","18,273","74,026","31,798","16,349","47,267","120,057",
103年5月,"4,863,857",53.86%,57.66%,0.58%,"338,225","319,646","511,164","555,030","379,574","325,373","153,266","86,614","110,886","7,039","47,840","328,455","6,209","1,689",618,"3,091","402,319","19,226","153,688","30,665","2,221","4,580","24,000","115,700","66,754","35,753","18,479","36,727","18,171","87,597","121,281","221,905","15,032","19,088","76,622","33,336","16,280","44,312","125,402",
103年6月,"4,930,731",54.20%,57.88%,0.55%,"343,364","320,042","514,892","562,656","384,703","331,918","154,300","89,605","110,200","7,316","48,651","332,741","6,297","1,674",658,"3,320","405,282","19,333","156,119","31,606","2,245","5,406","25,552","118,265","69,373","37,433","19,173","38,250","18,592","90,407","122,732","225,476","15,483","18,324","81,743","35,684","16,383","44,134","121,399",
103年7月,"4,965,612",54.34%,57.92%,0.55%,"342,865","321,340","519,034","561,326","384,057","336,321","154,785","91,715","111,166","7,512","49,494","337,608","6,116","1,677",659,"3,305","402,899","18,790","157,216","31,365","2,119","6,292","24,833","119,496","69,844","37,023","19,520","38,066","19,345","91,831","123,510","227,775","15,212","17,725","80,927","39,731","16,500","46,704","129,909",
103年8月,"4,993,265",54.12%,57.78%,0.54%,"345,468","326,754","521,288","566,159","382,705","337,464","156,745","90,841","112,772","7,547","49,452","335,403","6,169","1,689",773,"3,340","406,225","18,742","157,992","31,813","2,106","6,644","25,346","120,959","72,753","37,797","19,415","38,529","19,450","91,567","125,361","230,813","15,157","17,289","80,431","40,643","16,018","44,607","129,039",
103年9月,"5,030,018",54.50%,58.22%,0.56%,"346,007","330,450","522,851","571,900","390,009","341,143","157,543","89,875","113,992","7,644","48,549","340,046","6,041","1,793",594,"3,385","412,950","18,877","157,852","33,220","2,213","7,099","25,405","121,954","73,596","38,359","19,615","38,704","18,348","92,276","126,419","232,911","14,880","16,689","80,850","42,547","16,504","41,860","125,068",
103年10月,"5,075,814",54.80%,58.44%,0.55%,"350,105","330,642","524,232","570,594","401,805","344,272","155,448","90,960","114,685","7,876","49,034","345,737","6,318","1,742",473,"3,589","418,800","18,742","158,124","34,512","1,979","7,207","25,739","124,763","76,513","38,381","19,462","39,629","17,942","92,914","126,442","233,366","14,462","16,068","80,983","44,526","16,035","40,201","131,512",
103年11月,"5,102,875",55.14%,58.66%,0.52%,"350,486","330,856","525,131","572,989","403,701","344,720","153,579","90,731","114,810","7,778","48,908","348,803","6,760","1,783",405,"3,695","426,044","18,226","159,298","34,441","1,858","7,329","26,040","126,058","76,570","39,149","19,490","40,372","17,964","94,020","124,960","238,231","14,596","15,559","82,575","44,748","16,656","40,145","133,411",
103年12月,"5,165,334",55.69%,59.12%,0.44%,"343,229","334,901","520,200","585,538","414,658","363,930","156,315","93,431","116,454","8,054","50,612","359,005","6,573","1,784",521,"3,584","431,658","17,403","161,225","36,953","2,034","7,817","25,698","127,283","76,240","40,635","19,945","39,932","16,229","94,360","120,976","239,966","14,252","15,108","90,843","44,456","17,243","37,603","128,686",
104年1月,"5,116,585",55.67%,59.16%,0.45%,"333,196","333,189","523,691","571,480","409,734","351,050","151,881","92,741","115,478","8,180","49,548","355,388","6,447","1,739",507,"3,817","426,489","17,124","158,278","39,225","2,205","7,453","25,722","127,116","78,476","41,003","20,101","40,640","16,361","93,196","122,427","236,376","14,096","15,145","90,227","43,896","18,031","37,667","137,265",
104年2月,"5,156,094",55.82%,59.29%,0.48%,"333,508","334,075","532,551","571,780","412,337","356,282","153,862","93,474","116,038","8,237","49,684","359,578","6,615","1,701",488,"3,795","428,711","16,844","158,133","39,246","2,240","7,367","26,045","127,498","79,791","42,128","20,534","41,146","16,572","94,626","122,371","236,466","14,127","14,562","91,846","42,911","18,607","39,002","141,316",
104年3月,"5,186,834",56.32%,59.85%,0.45%,"333,822","336,864","534,091","568,469","411,295","362,948","153,617","97,672","116,522","8,080","49,184","362,488","6,858","1,621",507,"3,970","433,731","16,268","157,844","40,463","2,093","7,418","26,353","127,384","81,649","42,480","20,477","41,533","17,050","97,673","122,139","239,387","14,106","13,955","99,032","42,027","19,446","38,895","137,423",
104年4月,"5,217,489",56.82%,60.36%,0.45%,"336,911","339,922","534,628","564,953","412,602","357,616","155,048","108,902","116,583","8,043","49,181","371,794","6,777","1,447",520,"4,075","431,134","15,918","159,573","40,319","1,860","7,403","26,203","127,130","83,466","43,133","20,736","41,917","17,173","101,493","122,226","243,436","13,504","13,394","100,678","36,783","19,945","38,841","142,222",
104年5月,"5,278,200",57.19%,60.68%,0.45%,"336,844","343,926","539,530","567,791","416,735","368,079","158,280","110,318","116,984","7,465","48,798","378,084","7,095","1,332",0,"4,183","436,263","15,539","160,414","38,706","1,939","7,442","25,984","129,133","84,718","43,186","20,904","44,092","17,916","101,937","125,520","250,712","13,513","13,191","102,319","36,023","20,260","38,918","144,127",
104年6月,"5,338,214",57.62%,61.14%,0.45%,"337,530","345,057","542,845","573,802","419,533","369,955","163,414","112,841","126,816","7,389","49,277","384,275","7,011","1,433",0,"4,266","444,275","14,970","161,076","39,914","2,093","7,561","26,957","129,344","84,881","42,362","21,051","43,152","17,772","103,756","126,742","253,062","13,292","13,264","104,276","35,068","21,134","40,331","146,437",
104年7月,"5,351,987",57.50%,60.99%,0.44%,"334,168","347,290","546,319","568,887","416,389","377,317","163,683","114,267","126,341","7,276","49,351","389,114","7,115","1,315",0,"4,249","445,337","14,797","162,929","38,996","2,009","7,419","26,413","128,509","85,456","41,709","21,569","43,465","17,566","104,613","129,446","254,416","12,698","13,153","102,307","36,137","21,645","36,465","151,852",
104年8月,"5,363,771",57.35%,60.75%,0.46%,"332,511","346,370","547,743","573,469","419,282","380,050","163,392","114,193","126,211","7,720","49,990","389,816","7,167","1,202",0,"4,226","447,755","14,286","162,579","38,501","1,967","7,231","27,073","129,922","85,495","41,833","21,889","43,784","18,308","103,933","129,677","253,726","12,690","13,130","100,707","33,994","22,328","36,030","153,591",
104年9月,"5,380,063",57.26%,60.55%,0.46%,"333,531","347,900","551,577","580,367","419,284","384,223","164,911","113,899","125,892","7,750","50,362","388,850","7,818","1,165",0,"4,221","449,456","13,679","161,936","38,851","1,968","7,171","27,794","129,208","84,949","40,844","22,160","44,355","18,467","104,496","131,394","252,643","12,370","12,846","100,791","34,126","22,150","35,877","150,782",
104年10月,"5,372,556",57.29%,60.68%,0.45%,"334,521","345,901","551,569","583,618","418,368","378,257","164,012","112,361","124,733","7,494","50,665","389,288","7,486","1,144",0,"4,194","448,531","13,577","160,259","38,597","1,931","7,229","27,979","126,554","86,521","40,750","21,869","44,482","18,506","105,451","131,735","255,900","11,743","13,196","100,614","33,560","21,936","34,977","153,048",
104年11月,"5,416,304",57.50%,60.90%,0.41%,"340,334","346,006","558,766","588,046","426,010","380,055","167,840","112,088","123,445","7,247","49,855","396,007","7,713","1,148",0,"4,116","450,358","13,482","161,863","40,518","2,146","7,317","28,595","125,354","85,638","41,069","21,752","45,305","18,230","105,035","132,721","264,365","11,531","12,965","98,114","32,875","22,309","34,794","151,292",
104年12月,"5,456,239",57.89%,61.34%,0.40%,"338,494","343,130","561,766","608,231","430,241","385,264","172,915","116,737","118,841","7,913","49,721","400,830","7,161",948,0,"3,438","457,910","12,642","164,927","40,674","1,607","7,669","29,804","121,469","86,183","41,253","21,784","44,176","18,045","105,114","131,690","264,032","11,569","12,273","99,374","32,704","22,977","32,483","150,250",
105年1月,"5,393,281",57.82%,61.12%,0.44%,"334,840","343,150","556,536","589,843","425,983","377,972","168,277","115,938","118,017","7,771","48,607","395,907","7,105",749,0,"3,727","440,877","12,493","165,773","41,112","1,629","7,565","31,410","119,186","89,460","41,796","21,935","44,676","17,706","106,333","131,432","259,543","11,516","10,908","99,820","34,710","22,691","32,017","154,271",
105年2月,"5,387,877",57.88%,61.01%,0.46%,"330,736","341,848","562,857","585,297","425,454","378,158","168,319","115,003","118,830","7,651","48,313","393,439","7,338",835,0,"3,726","439,149","12,366","166,206","40,625","1,545","7,725","31,429","119,461","90,872","41,969","22,140","44,910","18,263","108,116","130,685","254,812","11,962","10,408","101,278","34,477","23,052","32,400","156,223",
105年3月,"5,419,874",57.89%,61.02%,0.46%,"329,319","341,557","565,097","595,086","430,511","380,194","167,617","114,200","119,109","7,467","48,459","397,074","7,340",660,0,"3,855","442,158","11,795","165,208","39,703","1,306","7,795","31,314","118,031","90,707","42,867","22,566","45,542","17,394","108,236","135,520","259,961","13,110","9,501","101,556","35,603","23,095","31,957","157,404",
105年4月,"5,426,647",58.57%,61.71%,0.48%,"330,318","341,302","565,316","597,635","433,495","377,534","170,898","115,879","119,295","7,557","48,646","394,570","7,530",572,0,"3,813","437,284","11,522","167,158","40,485","1,230","7,698","31,271","118,570","93,126","43,168","22,576","46,356","18,043","106,318","134,079","259,309","12,791","8,740","101,018","36,139","23,569","31,730","160,107",
105年5月,"5,482,774",58.48%,61.50%,0.48%,"334,940","344,611","566,405","605,289","435,818","376,767","173,569","118,178","122,126","7,458","48,699","397,713","7,660",524,0,"4,053","441,596","11,423","169,424","40,902","1,168","7,252","31,827","119,365","94,938","46,061","23,321","47,919","18,212","106,210","137,126","264,238","12,592","8,421","105,301","35,916","23,699","31,277","160,776",
105年6月,"5,544,618",58.73%,61.74%,0.47%,"333,848","340,070","566,241","610,568","440,045","396,424","174,254","121,937","122,606","7,306","50,377","407,230","7,254",448,0,"4,131","450,664","10,565","172,656","41,769","1,178","7,447","32,618","121,859","96,086","46,176","23,548","48,523","18,935","105,731","140,320","266,043","12,148","7,978","107,991","35,125","23,680","31,493","159,346",
105年7月,"5,512,656",58.27%,61.21%,0.49%,"331,095","333,530","563,561","614,838","436,794","385,307","175,026","121,900","121,527","7,133","50,705","408,742","7,038",439,0,"4,085","425,298","10,688","174,532","41,839","1,365","7,550","32,702","119,521","96,257","46,321","23,774","49,779","20,548","104,766","143,740","270,324","12,329","16,396","103,453","34,323","22,618","30,284","162,529",
105年8月,"5,534,713",57.79%,60.65%,0.47%,"331,017","333,500","562,081","620,694","440,480","382,183","175,747","123,246","121,412","7,170","52,007","416,576","6,729",365,0,"3,625","420,200","10,723","173,441","41,470","1,458","7,530","33,031","117,345","95,617","46,077","24,313","49,799","21,329","104,997","145,894","276,395","12,633","21,676","103,602","34,769","22,421","31,472","161,689",
105年9月,"5,559,452",57.93%,60.72%,0.48%,"330,662","333,706","564,385","625,085","443,211","381,275","175,417","123,840","123,901","8,044","51,786","417,346","6,215",338,0,"3,771","423,006","10,677","173,138","45,319","1,449","7,519","32,539","118,464","96,692","45,154","24,418","47,325","21,473","106,388","145,675","281,454","12,698","22,025","105,270","35,143","22,625","31,932","160,087",
105年10月,"5,582,519",58.15%,60.90%,0.50%,"333,189","336,749","568,111","628,880","445,818","387,068","176,145","123,586","124,040","7,870","51,104","412,414","5,904",338,0,"3,893","420,923","10,701","173,154","45,492","1,273","7,560","32,159","116,444","96,687","45,386","24,650","47,584","21,494","106,065","145,927","285,670","12,929","23,781","108,195","34,799","22,817","31,426","162,294",
105年11月,"5,608,112",58.23%,61.02%,0.48%,"335,504","338,142","569,587","637,643","446,015","388,607","175,373","122,509","126,491","7,446","51,966","409,536","5,854",28,0,"3,781","421,333","10,540","176,318","45,605",849,"7,622","32,131","118,722","98,950","45,583","25,184","47,082","21,422","106,623","147,140","289,431","14,058","23,578","107,731","34,394","22,972","31,272","161,090",
105年12月,"5,735,472",58.83%,61.60%,0.44%,"344,394","339,905","580,997","647,774","458,621","408,330","182,848","123,159","130,895","7,082","53,603","421,410","5,362",28,0,"3,589","432,831","10,321","177,488","46,723",752,"7,849","30,814","121,341","100,930","44,138","25,645","47,005","22,533","113,035","143,398","295,034","14,536","26,292","107,641","37,641","23,458","31,252","166,818",
106年1月,"5,703,101",58.73%,61.49%,0.43%,340161,337714,580852,638163,448430,408125,182762,123274,131172,7229,52163,416316,5073,22,0,3648,418535,10221,175696,47311,932,7670,31526,120768,101870,43788,25942,47917,23782,113373,144821,296653,14924,27016,112034,37441,24830,30321,170626,
106年2月,"5,721,218",58.90%,61.64%,0.45%,337596,344003,583001,640074,447835,405873,184619,122269,131778,7371,53525,419161,5350,22,-,4379,418033,9816,175522,47328,759,7677,31190,120220,102383,43972,25984,47780,23772,113824,143840,296969,15402,27581,113674,37431,26628,31708,172869,
106年3月,"5,746,671",59.13%,61.87%,0.44%,336493,338529,585832,643545,449233,412311,185432,125050,134731,7306,53209,416957,4986,20,-,4757,423227,9370,175901,49548,820,7994,31168,120080,103781,44161,26625,48238,24627,114882,144996,300578,15635,28728,111619,36737,27457,32030,170078,
106年4月,5769342,59.19%,61.89%,0.46%,336302,340901,586012,644836,453612,411195,187677,126381,134377,7294,53369,418700,5068,20,-,4884,422050,9440,176020,49201,954,8107,30702,118992,103392,45174,26848,48759,25217,114400,145629,305612,15759,28704,112936,36816,27383,31799,174819,
106年5月,5826139,59.12%,61.80%,0.46%,336656,342209,592787,646082,463665,416085,190648,125702,135358,7326,53633,427195,5367,20,-,5075,424514,7201,177226,49278,1108,8409,30768,119518,104905,46575,27003,49681,25334,113999,147815,313773,16412,28556,112759,36209,27560,31741,177985,
106年6月,5869274,59.68%,62.35%,0.45%,337565,345726,593460,647833,465953,414477,192613,127623,136747,7444,53430,432034,5930,6,-,5607,434453,7161,177240,51955,1051,8890,30851,122100,108301,45881,26989,49858,25314,114458,146380,315094,17075,28592,116012,36841,28212,34156,175963,
106年7月,5882917,59.60%,62.31%,0.45%,337592,348224,589901,648231,469757,418156,193544,126722,138364,7668,54325,427728,5887,6,-,6779,432506,7177,175573,52800,993,8907,30634,118070,110454,45826,27226,50688,25532,113484,146723,320741,17715,29183,116759,35053,28919,34923,180148,
106年8月,5921878,59.17%,61.84%,0.45%,336313,353808,593995,650745,472651,423797,195224,126502,138975,7437,54652,430682,6361,6,-,6836,439540,6931,175013,54389,1002,8916,30323,117551,110730,45802,27339,51551,25500,113233,149704,323105,18210,30008,118116,34727,29255,30542,182407,
106年9月,5957406,59.56%,62.21%,0.44%,334718,356355,598964,655435,471964,425111,195299,128608,138078,7733,54769,432257,6648,6,-,7044,448045,6327,175693,55262,898,8969,30076,117756,111217,45199,27426,53600,25856,113869,150424,324088,19361,31079,122076,35079,29958,31690,180471,
106年10月,5984122,59.47%,62.11%,0.47%,333892,357577,600673,656761,471909,423082,197541,130696,138973,7797,55136,438293,6763,5,-,7616,449669,6562,174870,58264,1034,8999,29281,118656,112960,45360,27705,54943,26551,110041,150001,325635,19635,31006,125705,33119,29337,32190,185884,
106年11月,6030176,59.81%,62.44%,0.47%,334306,363854,602774,656972,474116,422603,199070,130316,151565,7653,55853,443896,6648,5,-,7410,453117,7524,174733,60360,1153,9295,28959,118411,115165,45195,27796,55037,26802,110985,149238,330014,19669,30819,129040,30988,30343,30721,187769,
106年12月,6102430,60.66%,63.28%,0.44%,338447,369711,603965,657842,487493,429598,200209,131325,151919,7356,56993,459494,5739,0,-,8672,467574,7807,176878,63411,1274,9826,28585,119200,117705,45281,28014,57172,27596,112199,145969,328376,19044,30340,131351,30050,30141,31591,184285,
107年1月,6077787,60.44%,63.07%,0.47%,335767,364247,602595,652046,473467,423999,199206,128374,153930,7250,56949,457015,5908,0,-,8573,464771,7813,175114,64500,1314,10375,27781,116596,119156,45192,27631,57454,28367,144772,149604,330733,19406,31278,133993,-,30110,32251,190251,
107年2月,6111725,60.61%,63.28%,0.48%,337577,367531,600989,652252,475124,424287,201089,127040,154990,6837,56849,463643,6208,0,-,8671,468594,7780,175677,65726,1292,10506,28325,117284,121021,46140,27487,59078,28491,144650,148438,334527,19471,31449,134684,-,31234,31466,195315,
107年3月,6139685,60.65%,63.31%,0.48%,335856,371257,604649,653176,474177,430466,198690,131126,157389,6694,56261,466533,6383,0,-,9202,471875,7801,174967,68379,1449,11012,28717,117956,122095,45981,27811,60142,29094,143591,147789,337956,19801,32038,135048,-,31537,32154,190631,
107年4月,6169864,60.90%,63.61%,0.48%,335925,372218,610366,654395,473578,431046,197630,132686,163098,6869,55996,464297,6757,0,-,10661,474203,7812,177434,70797,1381,11046,28615,117386,121429,47069,28004,60715,26868,142355,148420,338285,19441,32204,136231,-,32700,32811,199135,
107年5月,6227349,60.60%,63.29%,0.48%,339394,376169,611421,662338,475980,437449,202142,138313,166954,7068,56231,463864,7242,0,-,10840,475243,7787,180109,74663,1368,10847,28998,118840,122148,51387,28593,61769,27736,141127,149765,341191,20326,33414,134637,-,31563,30766,199666,
107年6月,6289883,60.99%,63.73%,0.50%,343382,383294,613798,665877,488272,439302,203488,141119,167182,7030,56027,471264,7115,0,-,15384,482226,7570,181517,76786,1415,11062,28831,121183,124182,51209,28994,62035,31882,140275,149873,341963,20596,33631,133898,-,33003,30374,194846,
107年7月,6274287,61.01%,63.76%,0.50%,338144,382644,617913,660733,478882,436452,202019,141821,168725,6853,56186,465477,7105,0,-,15693,480330,7385,183912,78116,1590,11203,28463,120856,125523,51572,28913,62409,31499,138155,154433,341808,20585,33306,132147,-,32201,30553,200680,
107年8月,6255435,60.23%,62.94%,0.45%,338487,381930,617817,657214,473523,432822,201380,141717,171446,7270,54848,460498,6860,0,-,15995,477868,7143,182925,78237,1596,11522,29030,119013,126539,50576,29010,63205,29558,135844,154161,343564,20605,33477,132593,-,31744,30528,204890,
107年9月,6296618,60.36%,63.04%,0.45%,344719,384476,614240,663348,474747,437630,202292,144520,173440,7515,55036,460567,7797,0,-,15198,485171,7040,183080,78981,1526,12419,29478,118371,126501,50277,29208,63661,29049,136900,156175,343378,20364,33952,134823,-,32247,29638,208854,
107年10月,6337153,60.54%,63.23%,0.46%,346326,390575,616668,664767,476096,440868,202537,145824,174309,7435,55835,463486,8077,0,-,15759,489671,7347,184367,81639,1465,12502,29545,119310,128086,50624,29425,64931,28975,137140,157485,342417,21265,34231,133870,-,31206,29578,213512,
107年11月,6374612,60.39%,63.09%,0.46%,346406,392530,620188,670379,479515,444758,206226,143948,176177,7496,56404,463481,8091,0,-,16224,492395,7222,185086,82217,1441,12477,31430,115918,129674,51122,29236,65260,28446,135424,161010,345624,22243,34106,135795,-,32671,29374,214619,
107年12月,6438007,60.75%,63.63%,0.43%,351481,400669,624096,672343,490005,445582,206366,150443,178092,7361,56995,474671,7667,0,-,16018,499040,7257,184136,78325,1262,12357,32491,116683,129782,51157,29413,65540,32241,137443,165319,347339,24045,33818,138328,-,32101,27181,210961,
108年1月,6436332,60.51%,63.43%,0.45%,343304,402863,627934,669917,479130,434993,205191,149936,180440,7211,58328,462729,8128,0,-,16674,497674,7135,181230,78083,6811,12244,34152,116616,132076,51759,29970,65743,32576,137491,170721,346023,28444,33764,143707,-,32387,26170,224777,
108年2月,6428392,60.82%,63.78%,0.48%,341020,405618,628195,667549,472511,437714,202399,148779,182838,7289,58158,461581,7760,0,-,16868,501385,7009,181649,79062,6996,12319,35398,115000,131031,52328,30228,66608,30382,137367,169925,346036,28582,32186,144156,-,32597,25496,224374,
108年3月,6437550,61.13%,64.04%,0.44%,345546,410390,630480,669693,471779,435571,199984,146714,183950,6119,59250,465437,7440,0,-,16891,506439,6829,178215,78573,7393,12464,34181,117626,133365,54253,30327,67643,27585,138013,171338,345423,28798,32247,141872,-,32000,26633,217089,
108年4月,6463305,61.72%,64.49%,0.43%,344551,410330,634508,670877,470760,434545,203162,150178,193490,6181,59407,463801,7600,0,-,17169,507999,6502,175606,78025,7973,12719,35038,115771,135643,53500,30508,67853,27197,138756,170246,346685,28981,32645,142979,-,33024,26544,222553,
108年5月,6519719,61.55%,64.28%,0.41%,339506,437562,638684,673817,477161,436097,202733,149541,189590,6590,58544,469446,7526,0,-,18865,510296,6505,172239,76401,8009,13289,34986,115900,136122,54541,30734,69151,27221,136148,176259,352237,28787,31704,147989,-,33087,26958,225496,
108年6月,6597651,61.67%,64.52%,0.39%,344488,443371,635745,674677,487552,441751,209079,163959,197422,6462,57952,484140,4816,0,-,21867,512770,6478,172185,79337,7830,13420,35419,117716,139530,54366,31378,70325,27887,139496,177660,350901,28289,31490,148866,-,33679,28788,216562,
108年7月,6598473,61.40%,64.15%,0.41%,347892,443885,637388,676155,481570,443754,210764,161068,196752,5948,58007,471858,5583,-,-,20548,515829,6614,171590,79048,8088,13693,34246,117751,143982,55158,31918,71436,28020,138181,176534,354301,28204,30977,150574,-,33620,25628,221911,
108年8月,6630183,61.26%,64.10%,0.40%,352465,447839,638633,676753,487449,445022,211463,162425,199093,5837,56841,473836,5390,-,-,20405,517149,6619,170463,82588,7650,13926,33865,117515,145171,55878,31676,71370,28357,135908,180676,352198,28015,30964,152673,-,34518,26114,223439,
108年9月,6683448,61.50%,64.36%,0.39%,358895,455316,642966,680575,496172,446612,212448,165236,207318,5856,56607,474547,5314,-,-,20325,518693,6504,170839,81988,8158,14163,33279,115956,146836,56354,31636,71306,27501,136724,186151,357378,28215,30850,152064,-,34588,26957,219117,
108年10月,6745250,61.54%,64.36%,0.39%,358875,458683,646826,686788,501454,446460,211858,170256,210344,6350,56748,484857,4911,-,-,20384,523374,6456,172960,82837,8667,13700,32706,118701,150110,57148,31468,72509,26982,137664,190943,357624,28080,30285,151109,-,34879,26199,226057,
108年11月,6794753,61.74%,64.48%,0.36%,358945,459924,656985,692294,515737,447337,212981,169883,210063,6418,56281,490474,4838,-,-,20451,524284,6399,175309,82698,8244,13837,32764,120286,152175,57766,31078,73286,27696,140648,186975,360903,28595,28966,152367,-,35292,25665,226908,
108年12月,6897940,62.87%,65.61%,0.34%,364255,461352,667832,700745,534864,457087,215664,171010,209404,7178,57436,504251,4631,-,-,20602,533933,6029,175593,84712,6910,13978,32569,123781,156844,58083,30868,74853,27032,143796,181528,366247,29346,29533,161908,-,35068,26829,222187,
109年1月,6888987,62.31%,65.04%,0.37%,359803,464404,674187,691883,522703,459991,213064,173225,206709,7196,57331,495505,5467,-,-,20997,530232,6074,172672,85278,7210,14289,31495,122327,158900,57686,30603,75934,26776,145295,189636,367901,29412,29733,163099,-,35013,25730,231226,
109年2月,6923685,62.48%,65.04%,0.39%,358192,461814,678544,699281,528866,456861,213254,173028,204782,6738,57502,488080,5782,-,-,20615,533361,6061,173709,84842,7194,14462,31871,123355,161160,60091,30268,77153,33591,145606,193303,371881,30603,30396,163565,-,34818,24501,238555,
109年3月,7003601,62.66%,65.22%,0.40%,365469,470255,685772,712539,535366,463738,217061,178125,206339,6674,56703,495449,5665,-,-,22447,537880,6123,175180,87673,6836,14363,32884,125761,163244,59393,30177,78160,34684,144775,197777,375101,30951,30723,167456,-,35720,25404,221733,
109年4月,7056658,62.73%,65.17%,0.41%,365624,474610,693697,716825,533212,464024,218871,179591,206372,7070,56954,494108,6074,-,-,21994,542567,6096,175711,90548,6764,14375,34122,127694,163362,58795,30001,79405,36206,145261,201257,379271,33569,30218,168239,-,36022,24854,233297,
109年5月,7127811,63.11%,65.48%,0.40%,366903,484018,701817,722437,539910,461092,220310,182757,207927,7438,57084,496086,6229,-,-,22947,552921,6135,177658,92047,6578,14640,35836,127758,164836,58421,29907,79183,36230,146666,204576,387217,34270,29866,171210,-,35386,24377,235139,
109年6月,7244107,63.90%,66.26%,0.40%,377724,490594,711053,729418,562044,469267,221086,187237,205105,8346,58428,503010,6415,,,22725,563756,6312,178881,93948,6506,14816,36460,130818,166644,58241,29958,81443,37384,148250,213191,390435,36176,29398,172250,,35763,24536,236491,
109年7月,7392961,64.49%,66.79%,0.39%,381048,500095,731971,734635,565403,471671,228131,191160,208127,8531,57979,514113,6549,,,23701,581256,6486,185827,95298,6475,14855,36862,131666,168869,58378,30053,86160,37596,150032,219102,408045,37649,29053,174257,,36373,26749,248808,
109年8月,7460519,64.43%,66.68%,0.37%,382989,505279,736466,740589,572917,479644,231432,192689,208737,9075,59353,514906,6311,,,24288,587420,6583,184488,97727,6325,14941,36746,132534,171097,58747,29315,86941,37555,148760,220260,410591,37725,28614,183264,,34622,26738,254851,
109年9月,7515670,65.11%,67.33%,0.36%,389081,509646,746801,758017,579679,482317,231906,198112,211481,8883,59542,517173,6044,-,-,23925,595018,6745,182455,98552,6438,15029,37876,132203,173238,60196,29616,87414,37486,147960,216081,413930,37589,28960,184325,-,36386,25721,239848,
109年10月,7602355,65.22%,67.43%,0.39%,398025,514732,750888,767869,582036,479777,232983,198831,217102,8878,59742,518316,5918,-,-,25279,603566,6786,182713,105572,6680,14977,36928,131821,172782,61572,29626,89721,37383,148205,221557,418994,37577,28698,190469,-,37666,25906,252781,
109年11月,"7,680,280",65.81%,68.00%,0.36%,"402,587","516,657","756,923","777,742","585,319","480,838","235,990","203,273","221,072","9,170","60,573","527,628","5,992",,,"22,608","607,858","6,936","183,110","107,658","6,539","15,056","36,813","139,729","172,759","64,755","30,121","89,953","38,898","146,546","228,519","423,437","37,753","28,241","188,339",,"40,746","28,421","251,723",
109年12月,"7,812,428",67.02%,69.08%,0.34%,"414,593","530,750","762,395","791,037","598,278","486,652","236,745","206,336","228,383","8,720","60,783","533,601","6,284",,,"23,516","623,404","7,120","183,349","113,426","7,325","14,930","38,285","142,799","177,275","66,405","30,726","91,695","37,475","148,366","224,915","429,232","38,513","27,927","208,928",,"40,832","31,728","239,699",
110年1月,"7,843,416",66.86%,68.84%,0.34%,"410,491","531,373","765,419","785,930","594,359","486,358","235,163","203,972","239,890","8,718","60,913","533,347","6,254",-,-,"23,736","626,125","6,894","183,939","110,066","7,087","15,033","39,031","139,920","180,029","67,398","31,344","95,164","37,823","148,279","232,146","427,564","39,857","26,414","217,662",,"40,923","31,183","253,611",
110年2月,"7,896,880",66.88%,68.83%,0.34%,"412,682","535,007","770,103","783,493","600,855","488,358","234,146","208,846","243,471","8,650","61,621","535,265","7,140",-,-,"24,883","631,273","6,918","185,765","111,084","7,030","14,832","39,647","141,160","181,746","67,295","31,957","96,017","38,812","148,848","233,680","428,842","39,851","26,144","219,364",-,"41,570","32,451","258,076",
110年3月,"7,965,869",67.13%,69.06%,0.34%,"414,422","539,855","772,656","793,587","616,111","493,619","233,545","209,177","247,188","8,984","61,468","550,531","6,439",,,"25,342","633,866","6,915","188,355","112,030","7,282","14,959","42,493","141,949","181,852","68,872","32,502","95,379","39,296","150,005","237,295","430,841","39,963","25,638","218,208",,"41,703","32,152","251,391",
110年4月,"8,004,466",67.39%,69.30%,0.34%,"408,092","546,593","779,855","791,060","620,938","496,847","231,198","212,157","247,638","8,854","62,467","540,764","6,642",,,"26,142","637,089","6,948","188,552","115,819","7,227","15,000","44,464","143,065","182,433","70,093","32,633","95,437","41,668","151,918","242,262","435,918","39,686","24,879","219,004",,"40,377","32,178","258,568",
110年5月,"8,118,310",67.18%,69.06%,0.33%,"412,809","551,820","788,175","802,501","636,573","503,457","231,350","219,409","252,278","9,210","62,451","552,173","7,121",,,"26,285","645,216","6,922","188,374","116,821","7,449","14,698","45,432","143,204","183,988","71,520","32,713","96,762","42,379","158,733","246,750","442,441","40,528","24,922","219,830",,"41,048","32,713","260,253",
110年6月,"8,208,125",67.38%,69.31%,0.32%,"413,532","559,890","795,672","818,228","640,349","501,670","232,229","225,570","256,934","8,598","62,628","556,268","7,177",,,"25,316","648,334","7,074","188,284","121,539","7,528","14,719","47,440","145,575","184,443","73,491","32,935","100,927","41,169","165,666","251,030","449,824","40,970","25,109","232,117",,"40,797","32,095","253,000",
110年7月,"8,288,639",67.36%,69.37%,0.31%,"417,964","560,881","801,741","825,476","645,735","509,984","231,504","233,074","258,991","9,019","62,877","553,313","7,652",,,"25,388","658,223","7,074","188,096","121,962","7,591","15,104","48,436","143,809","186,812","75,498","33,010","101,238","43,406","166,599","253,105","458,763","41,301","24,922","230,996",,"40,752","32,589","265,754",
110年8月,"8,393,176",67.20%,69.18%,0.29%,"423,510","563,330","810,659","838,998","648,374","523,934","233,987","237,051","260,320","8,917","63,915","562,951","7,961",,,"25,747","664,776","7,110","186,996","123,374","7,745","15,378","52,520","145,597","190,060","76,047","33,256","101,985","44,944","166,025","256,056","462,907","43,134","27,658","226,663",,"40,801","34,089","276,402",
110年9月,"8,468,041",67.40%,69.40%,0.27%,"431,756","563,964","818,368","848,406","660,001","528,651","236,622","243,577","260,442","8,947","64,173","567,524","8,117",,,"26,202","670,968","7,108","186,605","123,965","7,808","15,480","52,878","143,490","192,998","76,355","33,394","103,964","46,103","171,554","255,789","465,363","42,459","30,349","232,852",,"40,719","34,369","266,719",
110年10月,"8,518,347",67.44%,69.48%,0.27%,"429,310","561,555","819,519","848,803","663,286","530,876","238,737","250,111","262,308","8,767","64,005","575,463","8,388",,,"26,776","667,373","7,109","185,302","126,199","8,060","15,706","52,793","142,888","194,886","76,432","33,922","105,142","47,582","170,092","259,472","469,754","42,438","29,782","237,670",,"40,944","34,884","282,013",
110年11月,"8,570,866",67.61%,69.69%,0.29%,"429,391","560,750","820,613","854,212","676,678","534,266","243,043","251,641","266,442","9,141","63,939","575,692","8,044",,,"26,888","673,838","7,186","186,390","129,383","9,094","15,628","52,866","149,993","193,906","77,723","34,150","104,406","44,915","170,528","261,170","468,449","42,375","29,732","237,718",,"40,765","35,899","284,010",
110年12月,"8,688,721",68.48%,70.83%,0.27%,"433,219","566,896","824,096","866,451","692,193","543,966","249,618","255,646","270,202","9,254","65,703","596,566","7,336",,,"27,978","709,252","7,323","188,574","126,001","8,013","16,184","53,247","157,250","196,937","77,294","34,173","107,318","44,623","170,102","255,763","469,705","44,692","29,344","231,049",,"41,504","37,525","273,723",
111年1月,"8,716,742",67.47%,69.91%,0.25%,"425,881","575,684","826,240","862,846","694,194","536,937","250,285","262,825","271,689","9,192","65,951","591,972","7,455",,,"26,760","688,675","7,296","189,164","128,705","8,081","16,772","56,344","158,030","196,057","78,593","34,460","112,174","49,957","171,115","261,325","476,824","45,089","29,415","238,414",,"41,803","37,284","283,253",
111年2月,"8,757,836",67.83%,70.29%,0.26%,"426,342","576,297","824,182","868,185","694,046","543,468","251,890","263,477","274,340","8,868","67,031","591,462","7,352",,,"27,331","690,720","7,221","189,516","129,547","19,288","16,882","56,329","159,180","197,949","78,361","34,432","113,197","50,446","170,489","261,977","478,052","45,973","29,291","241,679",,"40,595","37,017","285,423",
111年3月,"8,797,266",67.86%,70.56%,0.26%,"423,678","569,362","823,966","864,506","703,489","547,715","250,941","265,479","278,907","8,972","65,114","591,673","6,735",,,"29,067","695,610","6,985","190,109","130,860","19,956","17,424","57,925","157,897","200,217","78,944","34,531","115,565","52,463","170,398","268,326","483,486","47,290","30,083","248,050",,"40,644","38,547","282,351",
111年4月,"8,858,094",67.85%,70.58%,0.26%,"419,150","579,867","824,884","872,933","705,801","550,659","248,837","271,075","283,026","9,364","65,490","590,117","6,391",,,"29,866","695,277","6,830","189,595","131,799","19,551","17,571","59,806","154,946","201,722","79,340","34,838","117,791","53,222","170,479","272,841","489,503","48,214","29,712","257,674",,"39,383","37,467","293,073",
111年5月,"8,935,366",67.76%,70.52%,0.27%,"420,709","587,265","819,959","886,447","709,586","549,606","249,685","273,032","288,839","8,907","66,985","604,958","6,100",,,"32,004","698,205","6,642","193,012","132,445","18,938","17,739","60,649","156,448","203,198","80,361","35,439","119,989","56,452","163,713","278,930","488,469","48,748","29,171","260,944",,"39,949","38,542","303,301",
111年6月,"9,008,523",67.70%,70.62%,0.27%,"425,673","591,739","823,955","895,395","712,560","568,388","255,202","274,545","287,384","9,522","68,012","625,195","5,546",,,"32,215","712,622","6,397","193,334","133,000","18,894","17,672","58,066","159,529","204,613","80,748","35,711","121,028","56,387","165,933","274,005","487,531","47,723","27,972","255,224",,"40,874","41,071","294,857",
111年7月,"9,063,656",66.50%,69.92%,0.27%,"423,622","596,239","828,780","901,261","696,072","568,581","255,068","272,938","286,987","9,374","67,968","626,272","5,330",,,"32,587","711,137","6,177","191,691","135,470","20,894","18,097","61,149","161,284","205,758","83,233","35,871","122,718","58,544","167,355","285,882","493,190","49,681","28,487","266,097",,"38,423","41,636","309,803",
111年8月,"9,089,867",65.40%,68.80%,0.27%,"429,701","600,277","832,805","909,799","679,743","573,152","258,861","271,648","287,694","9,583","67,790","626,166","5,737",,,"32,404","715,026","5,803","188,833","136,098","21,522","18,260","63,723","160,797","207,812","84,258","36,248","124,017","60,479","166,409","292,740","494,174","51,253","30,030","258,548",,"38,866","42,868","306,743",
111年9月,"9,134,821",65.14%,68.93%,0.26%,"431,897","604,496","842,316","905,238","673,356","583,483","265,060","274,912","291,049","9,509","68,733","627,420","6,084",,,"33,088","719,319","5,419","188,025","139,409","22,361","18,351","63,532","166,025","205,725","85,968","36,170","124,891","60,525","165,315","290,144","496,740","52,157","29,581","260,799",,"37,281","44,456","305,985",
111年10月,"9,178,520",64.72%,68.68%,0.27%,"440,921","605,205","839,609","913,870","665,033","575,206","267,136","277,968","290,925","9,557","69,397","622,395","6,105",,,"32,225","719,134","5,131","189,554","141,648","23,221","18,184","63,881","161,489","207,117","86,338","36,167","128,665","60,165","168,363","305,991","499,806","53,262","28,809","261,258",,"38,135","45,920","320,729",
111年11月,"9,214,696",64.73%,68.73%,0.26%,"436,825","607,046","836,315","914,015","666,629","572,511","270,943","276,153","300,620","9,490","71,882","623,540","6,212",,,"32,426","723,988","4,825","191,401","143,547","22,309","18,426","63,510","161,555","208,989","86,668","36,383","130,015","62,081","171,389","308,329","505,157","54,387","28,062","261,389",,"37,142","46,925","323,614",
111年12月,"9,283,277",65.32%,69.48%,0.26%,"457,532","610,686","829,482","930,041","693,189","570,133","270,462","271,575","304,166","8,949","71,942","621,654","6,173",,,"31,805","731,943","4,579","193,254","148,640","24,033","18,627","63,091","163,956","212,023","86,420","36,712","131,819","60,104","171,995","303,079","507,230","54,528","27,325","257,619",,"35,501","47,427","325,582",
112年1月,"9,276,734",64.79%,68.99%,0.26%,"441,728","613,326","832,810","918,053","682,401","570,100","273,437","275,307","310,752","9,015","70,810","613,459","6,436",,,"31,574","726,299","4,254","191,824","150,102","24,125","18,844","64,779","162,619","212,426","86,377","36,974","132,042","61,380","169,852","314,527","510,773","59,644","26,753","256,401",,"33,799","47,304","336,430",
112年2月,"9,268,480",64.75%,69.20%,0.26%,"439,634","613,765","834,914","905,032","681,751","566,025","272,981","275,866","311,811","8,981","71,009","615,034","6,254",,,"30,750","724,596","4,112","192,486","151,299","22,367","19,025","65,128","162,466","213,095","87,713","37,182","133,602","62,804","171,007","316,084","510,121","59,524","26,574","260,122",,"33,483","46,510","335,373",
112年3月,"9,282,581",64.79%,69.49%,0.25%,"434,172","614,130","834,523","911,985","684,163","564,559","273,259","284,778","309,662","9,254","72,334","619,811","5,815",,,"31,398","726,980","3,813","192,622","151,695","21,048","18,834","67,422","162,678","213,561","88,193","38,056","135,644","64,497","171,442","312,141","508,965","59,467","25,943","265,426",,"31,468","49,239","323,602",
112年4月,"9,307,866",64.96%,69.63%,0.25%,"429,820","613,354","833,668","908,793","684,757","571,193","274,891","313,962","310,075","9,361","71,874","616,745","6,133",,,"29,067","727,314","3,611","190,513","150,945","21,628","19,053","68,141","163,999","214,973","90,119","38,055","137,566","65,237","174,314","316,094","512,529","59,829","26,836","262,883",,,"49,966","340,565",
112年5月,"9,364,738",64.69%,69.37%,0.26%,"434,180","613,698","827,122","920,306","692,145","572,765","276,011","323,916","311,233","9,047","73,373","617,879","6,207",,,"30,156","727,568","3,720","191,269","150,505","22,179","19,396","68,760","166,130","214,590","90,757","37,725","140,366","64,627","176,104","321,447","515,664","60,323","26,234","264,680",,,"49,382","345,272",
112年6月,"9,431,256",65.44%,69.92%,0.25%,"439,716","615,539","829,905","926,449","708,201","580,397","277,902","333,000","314,641","9,355","74,983","617,590","6,426",,,"31,614","731,367","3,230","193,177","151,280","23,549","18,701","69,463","170,907","215,416","92,386","37,225","141,766","64,185","175,774","320,514","517,839","59,865","25,037","268,236",,,"49,142","336,480",
112年7月,"9,484,865",64.51%,68.80%,0.24%,"437,493","617,298","829,446","923,330","711,506","585,168","279,645","334,337","315,959","9,172","75,261","625,651","5,791",,,"31,678","733,719","3,210","193,384","147,369","23,846","18,662","70,065","169,236","216,750","92,943","37,085","144,780","61,861","177,278","325,676","524,649","61,383","25,248","273,049",,,"48,376","354,564",
112年8月,"9,532,462",64.39%,68.57%,0.24%,"442,891","617,191","828,191","930,103","724,698","589,857","280,733","338,606","314,770","9,430","74,776","629,949","6,094",,,"31,673","737,152","2,889","196,272","146,824","23,087","18,602","71,380","168,158","218,272","93,186","36,966","145,343","59,240","176,659","329,054","534,267","60,365","23,032","273,842",,,"48,342","350,569",
112年9月,"9,581,649",64.66%,68.73%,0.23%,"447,502","617,369","832,005","930,665","735,651","600,358","281,509","342,466","320,035","9,246","75,512","633,767","6,065",,,"31,101","741,428","2,676","196,401","146,460","24,311","18,633","70,126","167,488","218,665","93,912","37,524","145,636","58,441","177,438","328,163","536,011","60,321","24,448","272,080",,,"49,714","348,524",
112年10月,"9,633,554",65.02%,68.79%,0.24%,"447,319","614,710","832,583","930,264","739,145","606,614","282,910","346,390","318,133","9,751","76,921","634,848","5,848",,,"31,883","745,982","2,526","196,699","145,181","24,920","18,406","72,205","168,956","220,726","95,606","37,080","146,764","59,464","182,213","332,552","542,049","61,397","24,451","276,299",,,"49,828","352,929",
112年11月,"9,689,716",65.15%,68.95%,0.24%,"449,286","614,828","836,114","923,492","749,238","616,752","282,508","346,493","318,090","9,586","77,590","642,805","5,613",,,"31,926","747,512","2,409","196,999","144,743","23,939","18,214","72,642","175,515","221,823","96,056","36,436","145,977","60,713","188,511","337,154","550,441","62,170","23,805","279,137",,,"52,455","348,744",
112年12月,"9,766,426",65.21%,69.26%,0.22%,"457,805","616,789","830,999","925,781","763,784","625,770","282,882","343,314","324,048","9,688","79,014","649,573","5,392",,,"35,519","773,831","2,275","199,684","144,766","24,582","18,074","71,721","181,689","223,276","96,646","35,922","147,998","59,409","188,012","325,096","559,448","61,507","23,618","281,381",,,"50,844","346,290",
113年1月,"9,769,485",65.96%,69.33%,0.24%,"448,795","612,204","827,346","922,067","755,005","630,097","283,311","349,851","327,517","10,218","79,101","653,593","5,323",,,"35,445","755,036","2,109","199,843","144,961","25,039","17,919","74,073","181,760","218,595","97,830","35,486","147,335","63,187","188,365","333,666","559,934","63,540","23,486","289,980",,,"51,827","355,645",
113年2月,"9,808,709",65.60%,68.99%,0.24%,"447,828","614,596","830,657","920,534","755,197","633,980","283,382","351,748","329,273","10,294","81,517","662,011","5,631",,,"35,434","758,667","2,003","199,975","144,060","24,622","17,941","74,305","183,984","219,850","97,493","35,469","146,786","63,866","194,459","337,837","563,953","59,773","22,897","291,516",,,"51,637","355,536",
113年3月,"9,864,938",65.31%,68.75%,0.24%,"448,572","611,422","829,831","927,917","762,524","638,841","285,211","351,519","324,901","10,524","84,520","676,784","5,698",,,"35,872","764,187","1,899","199,311","143,875","25,902","17,929","75,363","189,578","220,145","98,040","35,788","145,805","64,856","196,720","348,567","568,415","60,269","23,227","289,272",,,"51,094","350,560",
113年4月,9884110,0.6502,0.6847,0.0025,441564,605531,827613,924063,764352,636010,284665,355251,328271,10194,85179,678425,5956,,,36498,765602,1778,197495,142476,24519,18227,75562,189253,221781,97521,35955,147912,65981,197678,352317,571521,60964,23743,293572,,,51090,364691,900
